Campaign,Ad Group,Keyword,Match Type,Final URL,Headline 1,Headline 2,Headline 3,Description 1,Description 2,Campaign Type,Campaign Budget,Bid Strategy
Rohrreinigung Notdienst 24/7,Rohr verstopft Notfall,rohrreinigung notdienst,Phrase,https://rohrreinigung-kraft.de,Rohrverstopfung? Sofort-Hilfe!,24/7 Notdienst Nürnberg,In 30-60 Min vor Ort,Professionelle Rohrreinigung rund um die Uhr. Schnelle Anfahrt faire Preise. Jetzt anrufen!,Lokaler Fachbetrieb ✓ Moderne Technik ✓ Keine versteckten Kosten ✓,Search,20,Maximize Conversions
Rohrreinigung Notdienst 24/7,Rohr verstopft Notfall,rohr verstopft notfall,Phrase,https://rohrreinigung-kraft.de,,,,,,,,
Rohrreinigung Notdienst 24/7,Rohr verstopft Notfall,abfluss verstopft notdienst,Phrase,https://rohrreinigung-kraft.de,,,,,,,,
Rohrreinigung Notdienst 24/7,Rohr verstopft Notfall,klempner notdienst nürnberg,Phrase,https://rohrreinigung-kraft.de,,,,,,,,
Rohrreinigung Notdienst 24/7,Rohr verstopft Notfall,toilette verstopft hilfe,Phrase,https://rohrreinigung-kraft.de,,,,,,,,
Rohrreinigung Notdienst 24/7,Rohr verstopft Notfall,verstopfung notdienst,Phrase,https://rohrreinigung-kraft.de,,,,,,,,
Rohrreinigung Notdienst 24/7,Rohr verstopft Notfall,24 stunden rohrreinigung,Phrase,https://rohrreinigung-kraft.de,,,,,,,,
Rohrreinigung Notdienst 24/7,Rohr verstopft Notfall,rohrreinigung sofort,Phrase,https://rohrreinigung-kraft.de,,,,,,,,
Rohrreinigung Notdienst 24/7,Rohr verstopft Notfall,notdienst abfluss,Phrase,https://rohrreinigung-kraft.de,,,,,,,,
Rohrreinigung Notdienst 24/7,Rohr verstopft Notfall,kanalreinigung notdienst,Phrase,https://rohrreinigung-kraft.de,,,,,,,,
Rohrreinigung Notdienst 24/7,Toilette verstopft,toilette verstopft,Phrase,https://rohrreinigung-kraft.de/service/toilette-verstopft,Toilette verstopft?,Schnelle Hilfe in Nürnberg,24/7 Notdienst,WC verstopft? Wir sind schnell bei Ihnen. Professionelle Lösung ohne Schäden.,Faire Preise ✓ Keine Anfahrtskosten ✓ Saubere Arbeit ✓,Search,20,Maximize Conversions
Rohrreinigung Notdienst 24/7,Toilette verstopft,wc verstopft,Phrase,https://rohrreinigung-kraft.de/service/toilette-verstopft,,,,,,,,
Rohrreinigung Notdienst 24/7,Toilette verstopft,toilette verstopfung,Phrase,https://rohrreinigung-kraft.de/service/toilette-verstopft,,,,,,,,
Rohrreinigung Notdienst 24/7,Toilette verstopft,klo verstopft nürnberg,Phrase,https://rohrreinigung-kraft.de/service/toilette-verstopft,,,,,,,,
Rohrreinigung Services,Rohrreinigung,rohrreinigung nürnberg,Phrase,https://rohrreinigung-kraft.de/service/rohrreinigung,Rohrreinigung Nürnberg,Professionell & Fair,Kostenlose Beratung,Rohrreinigung vom Fachbetrieb. Modernste Technik für alle Verstopfungen.,Schnelle Termine ✓ Transparente Preise ✓ Lokaler Service ✓,Search,15,Maximize Conversions
Rohrreinigung Services,Rohrreinigung,rohrreinigung fürth,Phrase,https://rohrreinigung-kraft.de/service/rohrreinigung,,,,,,,,
Rohrreinigung Services,Rohrreinigung,rohrreinigung erlangen,Phrase,https://rohrreinigung-kraft.de/service/rohrreinigung,,,,,,,,
Rohrreinigung Services,Rohrreinigung,abflussreinigung,Phrase,https://rohrreinigung-kraft.de/service/rohrreinigung,,,,,,,,
Rohrreinigung Services,Rohrreinigung,rohr reinigen lassen,Phrase,https://rohrreinigung-kraft.de/service/rohrreinigung,,,,,,,,
Rohrreinigung Services,Rohrreinigung,verstopftes rohr,Phrase,https://rohrreinigung-kraft.de/service/rohrreinigung,,,,,,,,
Rohrreinigung Services,Kanalreinigung,kanalreinigung nürnberg,Phrase,https://rohrreinigung-kraft.de/service/kanalreinigung,Kanalreinigung Nürnberg,Hochdruck-Spülung,Jetzt Termin vereinbaren,Professionelle Kanalreinigung mit modernster Hochdrucktechnik. Schnell & gründlich.,TV-Inspektion möglich ✓ Wartungsverträge ✓ Faire Preise ✓,Search,15,Maximize Conversions
Rohrreinigung Services,Kanalreinigung,kanal reinigen,Phrase,https://rohrreinigung-kraft.de/service/kanalreinigung,,,,,,,,
Rohrreinigung Services,Kanalreinigung,kanalreinigung kosten,Phrase,https://rohrreinigung-kraft.de/service/kanalreinigung,,,,,,,,
Rohrreinigung Services,Kanalreinigung,hochdruckreinigung kanal,Phrase,https://rohrreinigung-kraft.de/service/kanalreinigung,,,,,,,,
Rohrreinigung Services,Kamera-Inspektion,kamerainspektion rohr,Phrase,https://rohrreinigung-kraft.de/service/kamera-inspektion,Rohr-Kamerainspektion,Schäden schnell finden,In Nürnberg & Umgebung,TV-Inspektion für Rohre & Kanäle. Präzise Schadensanalyse mit modernster Technik.,Dokumentation inklusive ✓ Sofortige Auswertung ✓,Search,15,Maximize Conversions
Rohrreinigung Services,Kamera-Inspektion,kanalinspektion,Phrase,https://rohrreinigung-kraft.de/service/kamera-inspektion,,,,,,,,
Rohrreinigung Services,Kamera-Inspektion,tv inspektion kanal,Phrase,https://rohrreinigung-kraft.de/service/kamera-inspektion,,,,,,,,
Rohrreinigung Services,Kamera-Inspektion,rohr kamera,Phrase,https://rohrreinigung-kraft.de/service/kamera-inspektion,,,,,,,,
Rohrreinigung Städte,Fürth,rohrreinigung fürth,Phrase,https://rohrreinigung-kraft.de/fuerth,Rohrreinigung Fürth,Schneller Service,24/7 erreichbar,Rohrreinigung in Fürth & Umgebung. Lokaler Fachbetrieb mit schneller Anfahrt.,Notdienst verfügbar ✓ Faire Preise ✓ Moderne Technik ✓,Search,10,Maximize Clicks
Rohrreinigung Städte,Fürth,abfluss verstopft fürth,Phrase,https://rohrreinigung-kraft.de/fuerth,,,,,,,,
Rohrreinigung Städte,Erlangen,rohrreinigung erlangen,Phrase,https://rohrreinigung-kraft.de/erlangen,Rohrreinigung Erlangen,Schneller Service,24/7 erreichbar,Rohrreinigung in Erlangen & Umgebung. Lokaler Fachbetrieb mit schneller Anfahrt.,Notdienst verfügbar ✓ Faire Preise ✓ Moderne Technik ✓,Search,10,Maximize Clicks
Rohrreinigung Städte,Erlangen,abfluss verstopft erlangen,Phrase,https://rohrreinigung-kraft.de/erlangen,,,,,,,,
Rohrreinigung Städte,Schwabach,rohrreinigung schwabach,Phrase,https://rohrreinigung-kraft.de/schwabach,Rohrreinigung Schwabach,Schneller Service,24/7 erreichbar,Rohrreinigung in Schwabach & Umgebung. Lokaler Fachbetrieb mit schneller Anfahrt.,Notdienst verfügbar ✓ Faire Preise ✓ Moderne Technik ✓,Search,10,Maximize Clicks
